<?xml version="1.0" encoding="utf-8"?>
<install version="1.5" type="plugin" group="content" method="upgrade">
	<name>Content - MooAccordion Show/Hide (in articles) plugin</name>
	<author>Andrew Patton</author>
	<creationDate>September 2010</creationDate>
	<copyright>Copyright (C) 2010 Andrew Patton. All rights reserved.</copyright>
	<license>http://www.gnu.org/licenses/gpl-2.0.html GNU/GPL</license>
	<authorEmail>andrew@acusti.ca</authorEmail>
	<authorUrl>www.acusti.ca</authorUrl>
	<version>1.0.3</version>
	<description>DESCMOOACCORDION</description>
	<files>
		<filename plugin="mooaccordion">mooaccordion.php</filename>
	</files>
	<params>
		<param name="show_first" type="radio" default="0" label="Show first block" description="Load the page with the first block expanded">
			<option value="0">No</option>
			<option value="1">Yes</option>
		</param>
		<param name="first_transition" type="radio" default="1" label="Show first block with transition" description="Use a transition when the page is loaded to expand it">
			<option value="0">No</option>
			<option value="1">Yes</option>
		</param>
		<param name="always_hide" type="radio" default="0" label="Allow all blocks to be collapsed" description="Makes it possible to close all displayable blocks">
			<option value="0">No</option>
			<option value="1">Yes</option>
		</param>
		<param name="trigger" type="radio" default="0" label="Trigger on" description="Which event triggers a change">
			<option value="0">Click</option>
			<option value="1">Hover</option>
		</param>
		<param name="@spacer" type="spacer" default="Transition effect settings" label="" description="" />
		<param name="duration" type="list" default="500" label="Transition length" description="Duration of the transition effect">
			<option value="250">Short</option>
			<option value="500">Normal</option>
			<option value="900">Long</option>
		</param>
		<param name="transition" type="list" default="0" label="Effect type" description="Type of transition effect">
			<option value="0">Sine</option>
			<option value="Bounce">Bounce</option>
			<option value="Elastic">Elastic</option>
			<option value="Back">Back</option>
		</param>
		<param name="opacity" type="radio" default="1" label="Opacity transition" description="Use an opacity transition effect when switching between displayed blocks">
			<option value="0">No</option>
			<option value="1">Yes</option>
		</param>
	</params>
	<languages>
		<language tag="en-GB">language/en-GB/en-GB.plg_content_mooaccordion.ini</language>
	</languages>
</install>